,SRR7764404.fastq.gz_filtered.sam.match_0.5,SRR7764443.fastq.gz_filtered.sam.match_0.5,SRR7764419.fastq.gz_filtered.sam.match_0.5,SRR7764390.fastq.gz_filtered.sam.match_0.5,SRR7764433.fastq.gz_filtered.sam.match_0.5,SRR7764440.fastq.gz_filtered.sam.match_0.5,SRR7764391.fastq.gz_filtered.sam.match_0.5,SRR7764447.fastq.gz_filtered.sam.match_0.5,SRR7764410.fastq.gz_filtered.sam.match_0.5,SRR7764405.fastq.gz_filtered.sam.match_0.5,SRR7764426.fastq.gz_filtered.sam.match_0.5,SRR7764424.fastq.gz_filtered.sam.match_0.5,SRR7764421.fastq.gz_filtered.sam.match_0.5,SRR7764441.fastq.gz_filtered.sam.match_0.5,SRR7764435.fastq.gz_filtered.sam.match_0.5,SRR7764397.fastq.gz_filtered.sam.match_0.5,SRR7764401.fastq.gz_filtered.sam.match_0.5,SRR7764402.fastq.gz_filtered.sam.match_0.5,SRR7764394.fastq.gz_filtered.sam.match_0.5,SRR7764434.fastq.gz_filtered.sam.match_0.5,SRR7764411.fastq.gz_filtered.sam.match_0.5,SRR7764393.fastq.gz_filtered.sam.match_0.5,SRR7764429.fastq.gz_filtered.sam.match_0.5,SRR7764427.fastq.gz_filtered.sam.match_0.5,SRR7764399.fastq.gz_filtered.sam.match_0.5,SRR7764431.fastq.gz_filtered.sam.match_0.5,SRR7764446.fastq.gz_filtered.sam.match_0.5,SRR7764422.fastq.gz_filtered.sam.match_0.5,SRR7764418.fastq.gz_filtered.sam.match_0.5,SRR7764409.fastq.gz_filtered.sam.match_0.5,SRR7764400.fastq.gz_filtered.sam.match_0.5,SRR7764414.fastq.gz_filtered.sam.match_0.5,SRR7764395.fastq.gz_filtered.sam.match_0.5,SRR7764415.fastq.gz_filtered.sam.match_0.5,SRR7764406.fastq.gz_filtered.sam.match_0.5,SRR7764403.fastq.gz_filtered.sam.match_0.5,SRR7764420.fastq.gz_filtered.sam.match_0.5,SRR7764417.fastq.gz_filtered.sam.match_0.5,SRR7764442.fastq.gz_filtered.sam.match_0.5,SRR7764398.fastq.gz_filtered.sam.match_0.5,SRR7764430.fastq.gz_filtered.sam.match_0.5,SRR7764425.fastq.gz_filtered.sam.match_0.5,SRR7764392.fastq.gz_filtered.sam.match_0.5,SRR7764413.fastq.gz_filtered.sam.match_0.5,SRR7764437.fastq.gz_filtered.sam.match_0.5,SRR7764432.fastq.gz_filtered.sam.match_0.5,SRR7764438.fastq.gz_filtered.sam.match_0.5,SRR7764444.fastq.gz_filtered.sam.match_0.5,SRR7764396.fastq.gz_filtered.sam.match_0.5,SRR7764445.fastq.gz_filtered.sam.match_0.5,SRR7764428.fastq.gz_filtered.sam.match_0.5,SRR7764412.fastq.gz_filtered.sam.match_0.5,SRR7764448.fastq.gz_filtered.sam.match_0.5,SRR7764423.fastq.gz_filtered.sam.match_0.5,SRR7764408.fastq.gz_filtered.sam.match_0.5,SRR7764436.fastq.gz_filtered.sam.match_0.5,SRR7764407.fastq.gz_filtered.sam.match_0.5,SRR7764389.fastq.gz_filtered.sam.match_0.5,SRR7764416.fastq.gz_filtered.sam.match_0.5,SRR7764439.fastq.gz_filtered.sam.match_0.5
mTOR signaling pathway,21.67,27.73,35.53,60.67,26.87,25.13,24.27,38.13,32.93,39.0,37.27,33.8,13.87,42.47,45.93,46.8,40.73,46.8,41.6,19.07,39.0,26.87,56.33,40.73,27.73,19.07,38.13,41.6,32.93,29.47,38.13,25.13,39.87,39.87,40.73,21.67,22.53,32.07,39.87,32.07,25.13,32.07,22.53,38.13,42.47,35.53,34.67,30.33,26.87,45.07,26.87,33.8,33.8,36.4,33.8,46.8,51.13,29.47,41.6,33.8
Ribosome,25.85,33.12,42.34,72.39,32.04,30.01,28.97,45.54,39.31,46.55,44.49,40.35,16.53,50.62,54.81,55.84,48.65,55.88,49.68,22.69,46.54,32.03,67.18,48.61,33.05,22.73,45.46,49.65,39.28,35.16,45.53,29.96,47.61,47.54,48.61,25.84,26.92,38.24,47.57,38.28,30.01,38.22,26.88,45.49,50.72,42.41,41.36,36.18,32.05,53.78,32.08,40.27,40.34,43.46,40.32,55.84,61.01,35.2,49.59,40.34
Antigen processing and presentation,9.52,12.67,14.86,26.62,11.33,10.9,10.57,16.76,14.52,16.9,16.1,14.62,5.86,18.1,19.76,20.33,18.19,20.67,18.24,7.71,16.76,11.62,24.14,18.05,12.19,7.9,16.19,18.05,13.86,13.05,16.38,10.62,17.86,17.24,17.67,9.48,10.05,13.52,17.38,14.0,10.86,13.62,9.81,16.24,18.9,15.38,15.05,12.95,11.95,19.81,11.71,14.43,15.05,15.81,14.33,20.0,22.1,12.9,18.0,14.33
N-Glycan biosynthesis,35.67,45.06,58.44,99.22,44.17,41.39,40.0,62.78,54.22,64.22,61.33,55.72,22.78,70.0,75.44,76.5,66.94,77.0,68.56,31.44,64.5,44.17,92.56,66.61,45.5,31.22,62.44,68.94,54.33,48.89,62.33,41.5,65.39,65.44,67.33,35.33,36.94,52.67,65.72,52.94,41.72,52.33,37.39,62.72,69.89,58.72,57.5,49.83,43.94,74.06,44.61,55.56,55.06,60.22,55.89,77.17,83.5,48.61,68.39,55.56
Biosynthesis of unsaturated fatty acids,25.0,32.07,40.64,70.64,31.0,29.14,28.57,43.64,38.14,44.86,43.21,39.21,16.36,50.29,52.79,54.0,46.93,54.29,48.29,21.79,45.29,31.14,65.71,47.64,32.21,22.14,44.43,48.43,37.86,34.29,44.57,28.86,46.07,46.43,46.64,25.0,26.21,37.29,46.43,37.14,29.21,37.57,26.21,44.57,49.43,41.29,39.64,35.79,31.14,52.29,31.07,39.43,39.29,42.29,39.64,54.07,59.71,34.64,48.64,39.71
Nucleotide excision repair,29.92,38.08,48.96,83.38,37.04,34.58,33.58,52.46,45.46,53.79,51.38,46.54,19.08,58.54,63.25,64.42,56.21,64.62,57.33,26.12,53.75,37.08,77.83,56.21,38.29,26.33,52.33,57.5,45.33,40.67,52.62,34.75,55.0,54.92,56.04,29.79,31.0,44.12,55.0,44.29,34.83,44.17,31.08,52.5,58.42,49.04,47.79,41.75,37.0,62.12,37.12,46.5,46.38,50.29,46.46,64.38,70.46,40.79,57.17,46.71
Naphthalene and anthracene degradation,68.0,87.67,110.0,189.5,83.67,79.67,76.0,118.33,103.83,123.5,115.17,104.33,43.17,133.33,145.17,147.33,129.83,147.5,131.83,59.83,122.5,85.0,175.83,127.67,86.0,59.0,118.5,130.83,104.17,92.33,119.33,78.0,127.17,124.67,127.67,68.17,71.33,100.17,126.33,102.0,79.67,101.0,71.17,120.33,134.67,112.33,109.5,94.33,85.17,141.5,84.67,106.5,106.5,115.17,106.83,146.33,161.67,92.5,129.83,106.5
Biotin metabolism,16.67,21.33,27.33,46.67,20.67,19.33,18.67,29.33,25.33,30.0,28.67,26.0,10.67,32.67,35.33,36.0,31.33,36.0,32.0,14.67,30.0,20.67,43.33,31.33,21.33,14.67,29.33,32.0,25.33,22.67,29.33,19.33,30.67,30.67,31.33,16.67,17.33,24.67,30.67,24.67,19.33,24.67,17.33,29.33,32.67,27.33,26.67,23.33,20.67,34.67,20.67,26.0,26.0,28.0,26.0,36.0,39.33,22.67,32.0,26.0
Benzoate degradation via hydroxylation,7.52,9.76,12.48,21.44,9.52,8.76,8.56,13.44,11.6,13.72,13.24,11.96,4.84,14.8,16.2,16.6,14.12,16.56,14.56,6.68,13.88,9.36,19.8,14.32,9.84,6.68,13.52,14.56,11.56,10.36,13.56,8.68,13.84,14.16,14.32,7.6,8.0,11.36,13.88,11.12,8.88,11.24,7.96,13.52,15.12,12.52,12.16,10.64,9.36,15.84,9.36,11.84,11.92,12.8,11.92,16.48,18.04,10.4,14.68,11.88
One carbon pool by folate,31.09,39.64,51.0,86.82,38.36,36.18,35.09,54.73,47.27,55.73,53.36,48.55,19.91,61.18,65.73,67.0,58.27,66.82,59.09,27.09,56.36,38.55,81.09,58.27,39.64,27.55,54.55,59.82,47.18,42.18,54.91,36.18,57.09,57.27,58.36,31.18,32.45,46.18,57.36,46.18,35.82,46.18,32.36,54.82,61.18,51.09,49.73,43.73,38.73,64.45,38.18,48.64,48.45,52.45,48.45,67.45,73.45,42.55,59.64,48.55
Aminoacyl-tRNA biosynthesis,54.64,69.5,89.21,152.36,67.57,64.07,61.21,95.79,83.64,98.64,93.29,85.36,35.14,107.29,116.5,117.43,103.64,118.5,105.29,47.93,98.36,68.29,141.57,102.14,69.43,47.71,95.29,106.21,84.29,74.43,95.86,63.93,101.43,99.86,103.5,54.71,57.0,80.5,100.79,81.21,63.86,81.0,57.5,96.93,107.14,90.79,88.43,75.71,67.5,112.86,68.21,85.07,84.93,92.71,85.43,117.93,129.14,74.5,104.21,85.57
Huntington's disease,13.69,16.92,21.77,36.85,16.77,16.23,15.31,23.31,21.23,24.08,22.77,21.08,9.23,27.15,28.15,28.92,25.69,28.92,26.38,12.38,24.38,16.69,35.15,25.62,16.92,12.23,24.08,26.46,20.31,18.31,23.69,15.85,25.08,25.08,25.62,13.08,14.38,20.0,25.23,20.0,15.54,20.46,14.92,23.85,26.31,21.77,21.92,19.31,16.38,27.92,16.69,21.38,20.92,22.85,21.38,29.31,31.92,19.08,26.0,21.46
Apoptosis,7.44,9.62,12.22,20.91,9.09,8.53,8.25,13.22,11.31,13.31,12.5,11.41,4.84,14.59,15.78,16.19,13.91,16.09,14.28,6.5,13.62,9.38,19.12,14.16,9.53,6.5,12.97,14.41,11.5,10.09,13.03,8.72,13.81,13.59,14.06,7.69,7.62,11.16,13.59,11.0,8.62,11.34,7.81,13.19,14.34,12.47,11.94,10.22,9.41,15.31,9.28,11.5,11.69,12.5,11.62,15.97,17.81,10.25,14.19,11.53
Terpenoid biosynthesis,32.75,41.75,53.0,92.5,42.5,38.0,34.5,56.75,50.75,58.75,55.5,51.75,19.5,63.25,70.5,71.25,61.0,71.75,62.5,27.25,61.0,41.5,84.75,62.5,42.5,27.25,56.75,60.25,52.25,45.75,56.25,39.0,58.25,61.0,64.75,33.5,34.25,49.0,60.75,47.25,36.75,48.0,33.5,58.5,64.25,53.25,52.25,44.75,41.25,67.0,42.75,50.5,50.25,53.25,50.0,70.25,78.75,43.5,64.25,51.0
ECM-receptor interaction,0.38,0.41,0.72,1.14,0.55,0.55,0.41,0.76,0.45,0.79,0.72,0.66,0.24,0.86,1.03,0.83,0.83,1.03,0.93,0.34,0.76,0.59,1.1,0.86,0.66,0.31,0.72,0.9,0.59,0.45,0.59,0.62,0.76,0.76,0.83,0.31,0.41,0.69,0.72,0.69,0.52,0.55,0.41,0.59,0.86,0.66,0.76,0.45,0.45,0.86,0.55,0.59,0.52,0.72,0.66,0.76,1.14,0.52,0.72,0.62
MAPK signaling pathway - yeast,29.0,37.4,47.45,81.05,36.35,33.85,33.0,51.55,44.4,52.7,50.45,45.5,19.0,57.0,61.45,63.5,54.7,63.4,55.85,25.6,52.3,36.05,76.05,55.2,37.35,25.85,51.45,55.7,44.15,39.55,51.3,33.8,53.6,54.15,54.45,29.25,30.8,42.85,53.45,43.2,33.9,43.3,30.6,51.6,57.7,47.9,46.65,41.0,35.95,60.8,36.25,45.55,46.0,49.1,45.7,62.5,69.35,39.95,56.4,45.5
Inositol phosphate metabolism,26.44,33.81,42.12,73.5,30.88,29.75,29.25,46.56,38.5,46.75,44.88,40.25,16.62,50.62,54.19,56.81,49.31,56.81,49.19,22.31,45.62,31.56,68.25,49.75,33.38,23.25,45.81,49.0,38.25,34.19,47.19,29.19,48.44,47.62,48.06,25.75,26.44,38.19,48.0,38.25,30.12,38.69,26.12,45.12,51.69,41.44,41.56,37.38,32.88,54.44,30.75,40.12,42.0,43.75,39.81,55.06,61.19,35.56,49.75,40.12
Leukocyte transendothelial migration,7.31,9.31,12.12,20.5,9.25,8.59,8.31,12.88,11.16,13.31,12.66,11.62,4.72,14.34,15.66,15.97,13.84,15.94,14.06,6.47,13.28,9.28,19.16,13.91,9.53,6.56,12.91,14.22,11.22,10.06,13.0,8.66,13.44,13.5,13.84,7.41,7.69,10.88,13.5,10.94,8.53,10.88,7.59,13.0,14.53,12.03,11.75,10.38,9.16,15.38,9.12,11.5,11.44,12.44,11.47,15.94,17.44,10.0,14.09,11.56
Cell cycle,25.72,32.57,42.2,71.74,31.98,29.76,28.74,44.8,39.26,46.15,44.02,40.26,16.61,50.52,54.7,55.35,48.2,55.46,49.43,22.78,46.65,32.07,66.76,48.24,32.83,22.72,45.26,49.54,39.15,35.13,45.15,29.91,47.48,47.28,48.46,25.85,26.76,38.26,47.24,38.09,29.83,38.24,26.91,45.37,50.17,42.39,41.02,35.8,31.91,53.2,31.83,40.04,39.83,43.24,40.28,55.59,60.85,35.17,49.37,40.22
Thiamine metabolism,8.6,10.9,14.1,24.0,10.7,10.1,9.4,15.0,13.1,15.1,15.3,13.5,5.5,16.8,18.2,18.3,16.0,18.8,16.5,7.6,15.1,10.6,22.3,16.3,10.9,7.6,14.9,16.1,13.0,12.0,14.8,10.0,15.4,15.8,16.3,8.1,9.3,12.6,15.9,12.7,10.0,12.7,9.0,14.5,17.1,13.5,14.0,12.1,10.7,17.8,10.2,13.2,13.6,14.1,12.9,18.7,20.1,11.5,16.4,13.5
Two-component system - General,2.28,2.97,3.65,6.38,2.88,2.6,2.63,3.93,3.44,4.18,3.93,3.51,1.48,4.45,4.81,5.02,4.23,4.95,4.34,1.91,4.08,2.9,6.1,4.33,2.91,2.05,4.01,4.46,3.5,3.11,4.08,2.62,4.16,4.26,4.14,2.35,2.42,3.38,4.26,3.32,2.72,3.48,2.37,4.09,4.48,3.74,3.68,3.24,2.87,4.76,2.82,3.52,3.57,3.86,3.52,4.9,5.53,3.22,4.38,3.64
Glycosylphosphatidylinositol(GPI)-anchor biosynthesis,28.58,36.67,46.67,80.33,35.33,32.92,31.75,50.17,43.33,51.42,49.33,44.33,17.92,55.75,60.75,61.58,53.5,61.42,54.42,24.92,51.5,35.33,74.08,53.33,36.67,24.75,50.0,54.58,43.5,38.92,50.17,32.92,52.33,52.58,53.67,28.5,29.58,42.5,52.58,42.0,33.17,42.08,29.5,50.58,56.0,46.92,45.58,39.92,35.58,59.33,35.33,44.33,44.67,48.0,44.5,61.58,67.17,38.75,54.83,44.5
Galactose metabolism,28.89,37.21,46.89,80.53,35.95,34.16,33.26,51.05,44.68,52.26,49.89,44.95,19.11,57.05,60.74,62.63,55.58,62.68,55.63,25.05,50.63,36.32,76.84,55.37,37.16,25.95,51.11,56.37,44.11,38.84,51.95,33.95,53.47,53.0,54.11,28.89,30.53,41.68,53.74,43.11,34.05,43.16,30.42,51.05,56.89,47.21,46.21,40.89,36.21,60.47,36.05,45.05,45.79,48.79,44.84,61.95,68.63,40.05,55.21,45.0
Starch and sucrose metabolism,32.91,41.88,55.38,94.41,41.91,38.62,37.91,58.03,50.53,60.85,57.59,53.12,21.79,65.0,72.32,71.85,62.97,71.79,64.18,29.59,59.97,42.15,87.65,63.06,43.15,29.62,58.44,65.62,51.44,46.56,58.24,39.88,61.32,61.12,62.06,33.82,34.76,50.06,61.24,50.15,39.5,49.68,34.41,59.29,65.88,55.09,53.18,45.5,41.68,69.38,41.91,53.26,51.97,56.97,52.71,72.35,79.5,46.18,63.88,52.47
Glycerolipid metabolism,26.62,33.95,44.19,74.95,33.52,31.62,30.33,47.29,40.95,47.95,46.29,42.33,17.48,52.9,56.19,57.43,50.86,57.1,51.52,23.43,47.81,33.1,70.57,50.81,34.0,23.86,47.14,52.29,40.43,36.29,46.67,31.33,48.48,48.43,49.71,26.95,28.43,39.52,49.43,39.67,31.71,39.81,28.14,47.57,52.52,44.05,43.81,37.76,33.05,55.48,34.38,42.24,41.95,45.57,42.24,58.14,62.67,37.29,51.29,41.71
Protein export,17.25,22.5,28.67,48.33,21.58,19.83,19.08,30.67,27.0,31.42,29.67,27.17,10.83,34.0,37.08,37.75,33.17,37.92,33.42,15.58,30.75,21.58,45.75,32.58,21.5,15.17,30.92,33.17,26.33,23.17,30.67,19.83,31.67,31.42,31.75,17.17,18.42,25.58,32.33,26.17,20.33,25.25,18.33,30.75,33.58,28.17,27.5,24.08,21.17,36.17,21.92,27.0,26.92,28.58,27.08,37.67,40.42,23.75,32.92,27.17
Caprolactam degradation,26.57,33.29,44.57,76.43,31.86,30.43,28.0,48.43,37.86,47.86,46.86,40.86,15.71,50.14,56.57,55.71,49.14,57.43,50.71,23.14,46.14,31.86,67.71,49.57,34.57,21.86,47.57,50.43,39.43,34.29,47.43,30.86,47.86,47.43,49.57,25.57,25.71,38.14,47.57,39.71,30.57,38.57,25.14,45.71,52.0,42.0,42.0,36.29,33.43,54.43,31.71,40.14,40.57,45.0,41.0,57.0,61.14,34.14,49.0,40.29
Mismatch repair,29.69,38.0,48.69,83.12,36.81,34.44,33.25,52.25,45.12,53.44,51.06,46.31,19.0,58.19,62.94,64.12,55.81,64.12,57.0,26.12,53.44,36.81,77.19,55.81,38.0,26.12,52.25,57.0,45.12,40.38,52.25,34.44,54.62,54.62,55.81,29.69,30.88,43.94,54.62,43.94,34.44,43.94,30.88,52.25,58.19,48.69,47.5,41.56,36.81,61.75,36.81,46.31,46.31,49.88,46.31,64.12,70.06,40.38,57.0,46.31
Ascorbate and aldarate metabolism,16.67,21.75,28.08,49.33,20.92,19.33,18.33,30.67,25.17,30.5,29.83,26.0,10.42,33.33,36.25,36.42,31.17,36.42,32.33,14.58,29.75,20.17,44.0,31.42,22.25,14.17,29.17,32.33,25.92,22.67,29.58,19.5,31.0,31.0,31.58,16.75,17.17,25.08,31.08,25.25,19.92,25.33,17.17,29.42,33.08,27.67,27.25,22.5,21.33,34.83,20.58,25.92,26.25,28.08,25.58,36.92,40.08,22.5,32.5,26.33
Histidine metabolism,25.41,32.35,41.41,71.53,31.53,29.65,28.59,44.59,39.06,45.82,43.06,39.65,16.41,49.88,54.24,55.12,48.29,55.35,49.24,22.24,45.47,31.94,66.47,48.29,32.82,22.47,44.65,49.12,38.88,34.76,45.0,29.41,47.41,46.71,47.88,25.53,26.47,37.29,46.71,37.53,29.53,37.65,26.53,45.06,49.35,41.88,40.47,35.71,31.47,53.12,31.82,39.35,39.53,42.71,39.76,55.0,60.53,34.71,49.06,39.94
Streptomycin biosynthesis,32.14,41.14,52.86,91.29,39.71,37.43,35.86,56.43,49.14,57.57,56.0,50.29,21.0,63.0,68.57,69.71,60.14,68.86,61.71,28.43,58.14,40.0,83.0,61.14,42.0,28.57,57.0,61.71,49.43,43.86,56.29,37.14,58.86,59.57,60.71,32.43,33.57,47.86,58.57,46.57,37.0,47.86,33.14,56.57,62.43,52.14,51.43,45.14,39.57,67.29,39.57,50.0,50.71,54.0,50.14,69.43,75.71,44.14,61.71,50.29
Wnt signaling pathway,10.46,13.38,17.22,29.36,13.12,12.1,11.88,18.4,15.96,18.92,18.18,16.5,6.74,20.64,22.24,22.72,19.74,22.76,19.96,9.04,19.1,13.18,27.56,19.88,13.5,9.28,18.56,20.28,16.02,14.2,18.6,12.34,19.18,19.36,19.56,10.6,11.0,15.6,19.4,15.58,12.28,15.7,11.0,18.62,20.7,17.38,16.64,14.78,13.12,21.88,13.12,16.42,16.42,17.68,16.4,22.74,24.96,14.44,20.2,16.48
Bile acid biosynthesis,20.36,26.18,33.27,58.09,24.91,24.09,23.0,35.82,30.82,36.27,34.73,32.18,13.27,40.45,43.18,43.64,39.27,43.73,39.55,18.0,36.0,25.36,53.09,38.82,25.91,17.64,35.36,39.82,31.09,27.45,36.0,23.82,37.82,36.91,37.91,20.09,21.18,29.73,37.55,30.45,24.0,30.45,21.18,35.91,39.73,33.64,32.55,28.18,25.45,43.0,25.55,32.09,32.18,34.64,31.73,44.0,47.91,27.82,39.09,32.0
Biosynthesis of steroids,31.62,40.08,51.33,87.92,39.12,36.71,35.17,55.54,47.96,56.5,53.79,49.08,19.79,61.58,66.62,67.75,58.54,67.83,60.29,27.38,57.79,38.75,81.88,59.29,39.92,27.5,55.62,60.17,48.0,42.92,54.54,36.67,57.5,58.0,60.12,31.58,32.71,46.88,58.46,46.29,36.88,46.71,32.83,55.5,62.25,51.38,50.5,43.67,39.42,65.25,39.92,49.04,48.79,52.38,49.33,67.92,74.88,42.96,60.71,49.25
Propanoate metabolism,20.57,26.1,32.93,56.43,24.97,23.7,22.73,35.8,30.9,36.5,34.33,31.13,12.7,39.77,42.9,43.83,38.27,43.9,39.03,17.6,36.43,25.03,52.67,38.1,25.97,17.63,35.57,38.63,30.27,27.87,34.93,23.43,37.73,36.9,38.3,20.53,21.13,30.07,37.3,30.33,23.5,30.03,21.17,35.63,39.77,33.47,32.67,28.3,25.23,42.13,25.33,31.47,31.57,34.0,31.63,43.77,48.0,27.4,39.1,31.53
Vitamin B6 metabolism,33.86,43.71,56.0,96.43,42.0,38.86,37.86,59.86,51.29,60.43,59.29,53.43,21.57,66.57,71.71,73.14,63.0,73.0,65.0,29.86,61.29,41.86,87.86,64.14,43.43,29.86,60.71,64.86,50.71,46.0,60.29,39.57,61.86,62.71,63.14,34.0,35.43,50.14,63.0,50.29,38.86,50.43,35.14,59.57,66.43,55.71,54.29,47.71,42.57,70.86,41.86,53.0,53.14,57.0,52.71,73.29,79.57,45.86,65.57,52.43
"Glycine, serine and threonine metabolism",39.38,50.75,64.12,110.62,48.41,45.44,44.0,69.59,59.09,71.28,67.09,61.41,24.5,76.84,82.59,84.81,74.03,85.22,75.66,33.84,70.47,48.09,102.53,74.06,50.47,34.72,69.75,74.97,59.06,52.97,70.03,45.09,72.59,72.03,73.88,38.97,40.31,58.16,72.34,58.31,45.38,58.34,40.62,68.72,77.47,64.22,62.94,55.28,48.94,82.0,47.69,61.09,61.28,66.0,60.94,84.44,92.84,53.34,75.38,61.34
Complement and coagulation cascades,0.69,0.94,1.34,2.09,0.94,0.91,0.8,1.34,1.06,1.29,1.46,1.14,0.46,1.6,1.43,1.46,1.14,1.31,1.26,0.66,0.94,0.8,1.86,1.34,0.89,0.6,1.31,1.2,0.91,0.91,1.4,0.89,1.2,1.37,1.46,0.6,0.69,1.09,1.23,1.14,0.74,1.03,0.71,1.14,1.46,0.94,1.09,1.2,0.74,1.4,0.74,1.34,1.17,1.09,1.11,1.51,1.69,1.0,1.51,1.06
Basal transcription factors,25.85,33.15,42.31,72.38,32.0,29.85,28.77,45.62,39.31,46.62,44.23,40.0,16.46,50.85,54.38,56.0,48.23,55.54,49.77,22.69,46.77,32.08,67.23,48.38,33.15,22.85,45.62,49.54,39.08,35.31,45.15,29.77,47.23,47.31,48.92,26.15,26.69,38.54,47.62,38.31,29.77,38.23,27.08,45.46,50.23,42.46,41.69,36.31,31.92,53.46,32.08,40.15,40.31,43.31,40.31,55.92,60.62,35.23,49.38,40.23
Purine metabolism,17.26,21.92,28.32,48.2,21.48,20.09,19.38,30.35,26.37,31.06,29.91,27.02,11.09,33.86,36.82,37.17,32.22,37.26,32.92,15.34,31.09,21.6,45.08,32.51,22.23,15.14,30.62,33.03,26.2,23.43,30.26,20.05,31.58,32.06,32.15,17.31,18.03,25.77,31.66,25.48,20.34,25.58,17.83,30.4,33.94,28.4,27.6,23.91,21.48,35.82,21.49,27.06,26.95,28.98,26.91,37.38,40.86,23.57,33.2,26.98
Glutathione metabolism,46.89,62.0,77.42,135.11,57.05,54.58,52.84,87.37,71.37,85.89,81.63,73.21,30.42,91.95,98.42,104.21,89.21,103.21,92.37,41.58,84.84,57.79,123.42,91.63,60.11,42.0,85.47,90.16,69.74,65.63,84.37,54.84,88.26,88.16,90.53,48.05,49.47,69.68,87.84,69.89,54.0,70.79,49.05,81.42,94.05,76.37,76.05,67.79,60.68,100.89,57.95,73.32,77.11,78.79,73.37,103.32,112.53,64.11,91.53,72.95
Sulfur metabolism,31.29,40.64,51.07,87.57,38.5,35.57,34.57,54.71,47.0,55.79,53.57,48.21,20.0,60.71,66.43,68.0,58.43,67.93,59.86,27.57,56.21,39.14,81.14,59.29,40.0,27.29,54.5,59.93,47.71,42.07,54.57,35.79,57.36,57.14,57.86,31.36,32.43,46.64,57.36,46.43,35.64,46.5,32.07,55.57,60.93,50.64,49.57,44.0,39.07,64.79,38.36,48.71,49.5,51.93,48.57,67.36,73.71,42.36,59.57,47.93
Riboflavin metabolism,36.75,47.0,60.5,103.75,45.38,43.62,41.12,64.12,55.12,66.88,63.88,58.0,23.75,71.88,78.75,79.62,69.88,79.75,70.62,32.25,64.5,46.5,96.25,69.38,46.38,31.88,64.88,70.25,55.62,50.5,63.75,43.25,68.88,67.25,71.25,36.38,38.38,53.75,67.62,54.62,42.75,55.0,37.62,64.12,72.88,59.62,57.88,51.0,46.25,76.38,44.12,57.0,59.0,61.38,56.62,79.5,87.38,49.88,70.38,57.0
Oxidative phosphorylation,19.9,25.52,32.66,55.66,24.72,23.24,22.4,34.95,30.48,35.98,34.07,30.94,12.87,39.13,42.33,43.19,37.69,43.35,38.29,17.51,36.1,24.85,52.07,37.79,25.48,17.54,35.02,38.34,30.29,27.2,35.09,23.17,36.9,36.84,37.48,20.09,20.9,29.5,36.77,29.57,23.21,29.57,20.89,35.2,39.16,32.78,32.12,27.9,24.88,41.33,24.77,31.29,31.31,33.6,31.27,43.05,47.3,27.38,38.44,30.95
Homologous recombination,17.52,22.3,28.65,48.87,21.3,20.17,19.3,30.7,26.48,31.22,29.87,27.04,11.09,34.09,36.91,37.48,32.65,37.52,33.43,15.48,31.52,21.43,45.13,32.7,22.39,15.22,30.96,33.09,26.3,23.3,30.78,20.13,32.09,32.09,32.65,17.48,17.91,26.0,32.09,25.52,20.22,25.78,18.0,30.7,34.17,28.65,28.04,24.3,21.61,35.83,21.43,27.04,27.35,29.22,27.22,37.61,41.09,23.48,33.3,27.09
Drug metabolism - cytochrome P450,82.86,113.29,141.29,248.43,103.57,99.43,96.14,160.71,128.86,157.29,148.29,133.0,55.43,168.0,178.29,192.0,163.43,187.14,168.43,75.14,152.43,103.71,225.14,168.86,109.71,77.0,158.0,163.86,125.86,120.29,155.57,99.14,160.14,160.71,164.43,87.71,90.29,126.86,159.43,127.57,97.86,128.43,88.57,147.0,170.86,137.0,136.29,125.71,110.57,186.0,104.29,132.43,141.86,142.0,134.29,188.0,203.57,116.43,168.0,131.57
Fatty acid elongation in mitochondria,28.25,36.25,46.75,79.75,34.5,32.75,31.5,52.0,41.75,50.75,49.25,44.5,18.25,54.5,60.25,61.75,53.5,61.5,54.75,24.75,50.5,34.75,74.5,54.25,36.5,24.75,50.5,54.75,43.25,37.25,50.5,33.25,52.0,52.0,52.75,28.25,29.0,41.25,52.0,42.0,33.25,42.0,29.0,49.75,55.5,46.0,45.25,39.75,35.75,59.25,35.25,43.75,44.0,48.0,44.0,61.0,66.5,38.25,53.75,43.5
Proteasome,25.56,32.64,41.76,71.4,31.64,29.52,28.44,44.8,38.84,45.68,43.8,39.76,16.36,50.08,54.0,55.0,47.84,55.04,49.2,22.4,46.2,31.64,66.16,48.0,32.64,22.44,44.88,48.88,38.88,34.6,44.8,29.44,46.96,47.0,48.2,25.64,26.48,37.72,47.0,37.48,29.44,37.72,26.6,45.0,49.92,41.92,40.8,35.6,31.48,52.96,31.84,39.76,39.76,42.8,39.96,55.0,60.2,34.56,49.0,39.8
Vibrio cholerae infection,26.42,33.79,43.79,74.96,33.04,30.79,29.46,46.67,40.42,48.04,45.67,41.38,16.71,51.71,56.58,57.5,50.0,57.5,51.29,23.5,48.5,32.79,69.04,50.17,33.88,23.21,46.92,51.0,40.25,36.17,47.0,30.5,48.96,49.04,50.0,26.62,27.5,39.46,48.5,39.21,30.83,39.12,27.38,46.75,52.25,43.42,42.79,36.96,32.83,55.08,32.79,41.33,41.46,44.75,41.92,57.5,62.96,36.08,50.96,41.38
Tryptophan metabolism,50.72,65.16,83.16,141.84,62.68,58.96,56.96,90.0,78.72,91.32,87.2,79.4,33.04,99.48,107.76,109.4,95.6,111.24,97.44,44.48,92.84,63.0,131.76,95.88,64.36,44.8,88.72,97.56,77.68,68.8,88.48,58.76,92.8,93.6,96.44,50.44,53.72,74.8,92.52,74.16,58.56,75.68,54.28,90.48,99.44,83.96,80.96,70.56,62.0,105.8,63.52,78.8,79.68,84.96,79.52,109.44,120.08,68.84,97.56,79.88
N-Glycan degradation,57.5,71.5,96.5,157.5,72.75,65.5,64.75,97.75,88.25,103.0,102.5,91.5,40.75,116.5,124.75,119.5,105.75,122.5,109.5,54.75,106.75,72.25,153.0,107.5,74.0,51.25,103.0,110.75,86.75,74.5,101.25,71.0,103.25,107.25,112.75,59.5,59.75,87.0,106.0,84.25,71.5,86.75,64.5,100.0,107.75,96.5,91.5,78.25,69.5,119.0,75.0,91.75,88.75,99.25,93.25,127.5,140.5,82.0,104.25,94.25
Urea cycle and metabolism of amino groups,46.83,60.79,78.42,132.29,59.54,55.38,53.21,84.42,73.29,85.58,84.0,74.46,30.67,93.21,100.75,102.62,87.92,104.46,90.08,42.04,86.58,58.17,124.04,88.46,60.79,42.33,84.33,90.25,71.92,65.62,83.38,56.04,86.46,88.71,90.0,47.21,50.62,70.67,86.75,70.12,55.21,70.67,50.96,83.25,93.54,78.29,76.08,66.54,57.79,98.54,58.92,73.42,74.21,78.71,73.96,104.12,112.04,64.04,91.54,75.33
Type II secretion system,1.67,2.08,2.82,4.92,2.23,2.15,2.15,3.33,2.67,3.21,3.03,3.0,1.31,3.46,3.77,3.79,3.51,3.79,3.46,1.56,3.0,2.18,4.69,3.38,2.21,1.64,3.1,3.49,2.72,2.33,3.21,2.21,3.31,3.28,3.28,1.77,1.9,2.56,3.28,2.74,2.21,2.62,2.0,3.15,3.54,3.03,2.77,2.38,2.15,3.72,2.31,2.74,2.67,3.13,2.82,3.82,4.26,2.62,3.41,2.95
"Valine, leucine and isoleucine degradation",33.04,41.85,54.27,91.65,41.08,38.77,37.23,58.19,50.85,59.42,56.19,51.96,21.46,64.92,70.38,71.38,62.31,71.04,63.73,29.5,60.04,41.19,86.85,62.19,42.12,29.38,58.31,64.0,50.42,45.15,57.54,38.81,60.81,60.54,62.58,33.31,34.77,48.88,60.77,49.12,38.92,49.08,35.08,58.46,64.23,54.42,53.38,45.96,40.73,68.65,41.5,51.73,50.92,56.0,51.85,71.92,78.04,45.42,63.31,51.81
Porphyrin and chlorophyll metabolism,10.49,13.7,17.7,30.12,13.23,12.33,11.88,18.79,16.21,19.21,18.56,16.56,6.72,20.91,22.79,23.16,19.81,23.02,20.53,9.49,19.35,13.09,27.4,20.07,13.47,9.28,18.84,20.23,16.28,14.37,18.67,12.33,19.49,19.7,20.14,10.6,11.02,15.84,19.53,15.67,12.53,15.81,11.12,18.74,21.02,17.65,17.26,14.79,13.3,22.37,13.28,16.53,16.63,17.88,16.65,23.12,25.16,14.37,20.49,16.7
Fatty acid biosynthesis,16.2,20.87,26.73,45.6,20.27,19.27,18.2,28.93,25.4,28.87,29.13,26.2,10.73,33.27,34.6,34.93,30.4,35.73,31.6,14.93,30.33,20.2,42.87,30.0,20.53,14.2,29.07,31.67,25.0,21.87,28.0,18.8,29.8,30.33,30.73,16.2,17.4,24.8,30.07,24.47,19.8,23.87,17.73,29.6,31.6,27.07,26.13,22.93,20.0,33.8,20.87,25.67,25.13,27.53,26.13,35.33,38.0,22.87,31.87,25.67
Cell cycle - yeast,26.23,33.54,43.12,73.46,32.62,30.38,29.37,46.08,39.98,47.29,45.15,41.0,16.85,51.5,55.9,56.71,49.38,56.81,50.42,23.15,47.4,32.67,68.31,49.31,33.65,23.06,46.23,50.42,39.98,35.73,46.13,30.46,48.29,48.38,49.37,26.27,27.37,39.0,48.33,38.87,30.52,38.9,27.37,46.31,51.37,43.19,41.88,36.73,32.58,54.58,32.54,40.98,40.94,44.1,40.98,56.79,62.04,35.75,50.48,40.9
Adipocytokine signaling pathway,11.09,15.3,19.09,33.17,14.17,13.04,13.57,20.96,17.57,20.57,20.35,17.78,7.96,22.83,24.65,25.3,21.83,25.09,21.96,10.09,20.91,14.65,30.13,22.04,14.74,10.52,20.04,22.65,17.96,15.26,20.78,13.3,21.04,21.35,21.04,11.78,11.96,17.3,21.83,17.43,13.65,17.22,12.39,20.87,22.74,19.17,18.04,16.43,14.48,24.48,14.3,18.39,18.83,19.35,18.3,25.26,26.57,16.17,22.09,18.0
Lysine degradation,29.87,38.39,49.17,84.35,36.83,34.7,33.39,53.17,45.26,53.65,51.26,46.61,19.17,58.57,63.74,64.74,56.61,64.7,57.65,26.22,53.74,37.17,78.09,56.78,38.48,26.0,52.57,57.65,45.78,40.17,52.83,34.78,55.22,54.91,56.13,29.91,30.91,44.17,55.09,44.26,35.0,44.52,31.04,52.78,58.35,49.35,47.78,41.52,37.35,62.35,37.26,46.7,46.65,50.35,46.52,64.57,70.7,40.65,57.26,46.61
ABC transporters - General,1.82,2.16,2.86,4.83,2.15,2.0,1.93,3.07,2.61,3.12,2.95,2.71,1.07,3.35,3.76,3.79,3.28,3.75,3.34,1.58,3.1,2.15,4.46,3.18,2.16,1.52,3.04,3.37,2.66,2.34,3.05,1.97,3.22,3.16,3.2,1.67,1.76,2.52,3.22,2.55,2.04,2.51,1.75,3.06,3.46,2.95,2.71,2.34,2.14,3.61,2.16,2.65,2.69,2.96,2.77,3.77,4.18,2.29,3.41,2.8
Fructose and mannose metabolism,19.0,24.68,30.96,53.56,23.76,21.84,21.48,33.76,29.24,34.28,33.4,29.76,12.28,37.08,40.68,41.64,35.8,41.52,36.6,16.68,34.48,23.52,49.4,35.8,24.32,16.92,33.2,36.8,28.84,26.16,33.4,21.84,34.96,35.44,35.72,19.12,20.12,28.4,35.12,28.32,22.08,28.0,19.8,33.28,37.48,31.2,30.04,26.72,23.88,40.16,23.56,29.32,29.88,31.88,29.72,41.24,44.84,26.28,36.32,29.8
Regulation of autophagy,26.82,34.09,43.73,74.64,32.82,30.73,29.73,46.64,40.0,48.09,45.73,41.45,16.91,51.73,56.27,57.64,50.0,57.45,50.82,23.27,47.55,33.0,69.09,50.09,34.0,23.45,46.36,51.09,40.09,36.0,47.0,30.73,49.09,48.73,49.64,26.18,27.45,39.27,49.0,39.55,30.73,39.18,27.36,46.55,52.18,43.45,42.55,37.55,33.18,55.55,33.09,41.27,41.73,44.64,41.09,57.0,62.55,36.0,51.09,41.55
Gap junction,11.89,15.29,19.93,33.82,14.93,14.04,13.54,21.18,18.46,21.75,20.89,18.79,7.79,23.82,25.64,25.93,22.54,25.89,23.14,10.61,21.68,14.82,31.39,22.82,15.43,10.61,21.29,23.14,18.25,16.57,21.21,14.11,22.04,22.18,22.61,12.07,12.54,17.96,22.32,17.89,14.11,17.93,12.61,21.14,23.57,19.75,19.36,16.82,14.89,25.07,15.0,18.79,18.79,20.29,18.82,26.11,28.39,16.64,23.14,18.96
Butanoate metabolism,17.65,22.18,28.59,48.91,21.76,20.56,19.53,30.85,26.56,31.35,29.79,27.41,11.09,34.21,37.47,37.85,33.12,37.79,33.85,15.35,31.56,21.88,45.76,33.32,22.5,15.32,30.59,33.53,26.88,23.88,30.5,20.29,32.15,31.82,33.12,17.5,18.12,26.06,31.91,25.88,20.41,25.88,18.03,31.03,34.26,28.74,28.15,24.09,21.56,36.44,21.74,27.18,27.06,29.32,27.24,37.76,41.62,23.56,33.76,27.38
Regulation of actin cytoskeleton,10.09,12.63,16.51,27.99,12.66,11.61,11.25,17.69,15.04,18.22,17.04,15.79,6.33,19.42,21.45,21.87,18.84,21.72,19.22,8.87,18.09,12.7,26.13,18.84,12.96,8.9,17.4,19.42,15.39,13.91,17.55,11.93,18.51,18.24,18.91,9.96,10.3,14.82,18.54,15.07,11.58,14.75,10.25,17.64,19.73,16.54,16.12,14.04,12.43,20.91,12.61,15.75,15.51,16.85,15.69,21.88,23.81,13.52,19.15,15.72
Glyoxylate and dicarboxylate metabolism,16.72,21.52,27.38,47.0,20.86,19.45,18.9,29.59,25.45,29.97,28.62,26.1,10.66,32.9,35.31,36.1,31.17,35.93,31.83,14.41,30.07,20.62,43.86,31.41,21.45,14.86,29.69,32.31,25.69,22.55,29.41,19.45,30.97,30.79,31.28,16.93,17.31,24.76,30.86,24.72,19.55,25.21,17.52,29.62,32.9,27.62,26.76,23.24,20.72,34.76,20.9,26.31,26.03,28.07,25.93,36.0,39.38,23.07,32.31,26.31
Lysine biosynthesis,22.15,28.0,36.25,62.05,27.55,25.6,24.4,38.9,33.55,39.95,37.95,34.55,14.05,43.2,47.7,48.0,41.9,47.9,43.15,19.65,40.1,27.8,57.45,41.4,28.2,19.4,39.3,43.0,34.2,30.6,38.55,25.8,41.25,40.4,41.9,22.25,22.55,32.65,40.55,33.1,25.2,32.6,22.9,38.45,43.2,36.45,35.55,30.35,27.45,46.05,27.45,34.2,33.95,37.2,34.45,48.0,51.95,29.65,42.2,34.25
Pancreatic cancer,6.73,8.62,11.04,18.85,8.35,7.81,7.54,11.85,10.23,12.12,11.58,10.5,4.31,13.19,14.27,14.54,12.65,14.54,12.92,5.92,12.12,8.35,17.5,12.65,8.62,5.92,11.85,12.92,10.23,9.15,11.85,7.81,12.38,12.38,12.65,6.73,7.0,9.96,12.38,9.96,7.81,9.96,7.0,11.85,13.19,11.04,10.77,9.42,8.35,14.0,8.35,10.5,10.5,11.31,10.5,14.54,15.88,9.15,12.92,10.5
Olfactory transduction,11.5,14.12,17.5,30.38,14.12,13.5,12.88,19.62,17.12,19.62,19.0,17.25,7.5,22.38,23.0,24.12,20.75,24.12,21.25,9.75,20.12,14.0,29.5,21.12,14.38,10.25,19.62,21.75,16.25,15.25,19.12,13.38,20.38,20.12,21.0,11.12,12.25,16.75,20.25,16.62,13.12,16.75,12.12,19.38,21.88,18.12,17.62,16.0,14.12,22.88,13.88,17.5,17.25,18.38,17.38,23.62,26.5,15.88,21.38,17.62
Lipoic acid metabolism,25.0,32.0,41.0,70.0,31.0,29.0,28.0,44.0,38.0,45.0,43.0,39.0,16.0,49.0,53.0,54.0,47.0,54.0,48.0,22.0,45.0,31.0,65.0,47.0,32.0,22.0,44.0,48.0,38.0,34.0,44.0,29.0,46.0,46.0,47.0,25.0,26.0,37.0,46.0,37.0,29.0,37.0,26.0,44.0,49.0,41.0,40.0,35.0,31.0,52.0,31.0,39.0,39.0,42.0,39.0,54.0,59.0,34.0,48.0,39.0
Lipopolysaccharide biosynthesis,1.44,2.06,2.56,4.81,1.69,1.25,1.56,2.5,1.81,3.0,2.62,2.56,0.75,2.38,3.5,3.5,2.81,3.31,2.94,1.19,2.56,2.19,3.88,2.94,2.0,1.12,2.38,2.94,2.5,2.44,2.75,1.5,3.06,2.5,2.69,1.69,1.44,2.38,2.88,2.25,1.75,2.06,1.19,3.19,3.12,2.56,2.19,2.06,2.38,3.44,2.0,2.5,2.62,2.69,2.38,3.25,3.44,1.62,3.12,2.19
Pentose and glucuronate interconversions,14.38,18.38,23.33,40.95,17.62,16.43,16.38,24.48,22.43,25.52,24.67,23.33,9.57,28.43,30.81,30.86,27.81,31.19,27.52,11.86,26.33,17.9,37.95,27.48,18.33,12.48,24.57,28.62,22.1,19.62,25.0,17.14,26.62,26.43,26.33,14.43,15.43,21.48,26.48,21.71,17.05,21.95,15.48,25.43,28.1,23.9,21.9,19.38,17.86,29.9,18.62,22.81,22.67,24.62,22.71,30.29,33.71,20.81,27.33,22.95
Polyketide sugar unit biosynthesis,19.5,25.0,34.5,54.0,25.0,24.5,22.0,34.0,32.0,34.0,35.5,31.0,14.0,39.0,43.0,41.5,37.0,42.0,38.0,19.0,39.0,25.0,48.0,36.5,27.0,18.0,36.5,37.5,31.0,26.0,31.5,25.0,35.5,37.5,38.5,20.0,21.0,30.0,34.5,27.0,22.5,31.5,21.5,33.5,38.5,31.5,32.5,26.0,24.0,40.0,24.0,30.5,30.0,34.0,32.0,42.5,46.5,28.0,36.5,30.5
Carbon fixation in photosynthetic organisms,28.0,35.71,45.82,78.59,34.71,31.94,30.82,49.53,42.41,50.41,48.71,43.24,17.47,54.29,59.47,60.0,52.65,60.71,53.53,24.35,49.82,34.47,71.59,52.47,35.82,24.12,48.65,53.06,42.59,37.82,49.12,32.18,51.0,51.76,52.35,27.53,28.65,41.65,51.53,40.88,32.24,40.88,28.71,48.82,54.41,45.71,44.53,38.65,34.71,58.0,35.18,43.06,43.35,46.65,43.0,60.12,65.71,37.59,53.12,43.53
Folate biosynthesis,8.73,11.46,14.42,24.65,10.35,10.31,9.58,15.5,12.96,15.46,14.77,13.08,5.42,16.88,17.96,18.96,16.15,18.38,16.38,7.62,15.77,10.58,22.65,16.31,10.81,7.65,15.46,16.5,12.73,11.31,15.69,9.88,16.04,16.08,16.31,8.65,8.85,12.92,16.04,12.65,9.77,13.0,8.81,15.19,17.08,13.96,14.0,12.5,10.92,17.96,10.42,13.27,13.85,14.27,13.35,18.92,20.96,11.81,16.65,13.42
Toll-like receptor signaling pathway,2.83,3.64,4.42,7.81,3.39,2.92,3.03,4.86,4.06,4.83,4.67,4.17,1.67,5.11,5.78,6.14,5.0,6.08,5.17,2.36,4.94,3.39,7.03,5.22,3.42,2.42,4.75,5.28,4.28,3.67,4.83,3.17,5.08,4.89,5.0,2.78,2.75,3.94,4.97,4.11,3.08,4.14,2.86,4.92,5.28,4.53,4.5,3.75,3.56,5.61,3.33,4.06,4.36,4.61,4.17,5.86,6.53,3.61,5.22,4.14
Glycan structures - biosynthesis 2,14.28,18.28,23.62,40.62,17.69,16.59,16.13,25.18,21.77,26.15,24.77,22.33,9.13,28.0,30.87,31.08,27.05,31.08,27.59,12.49,26.08,17.9,37.51,27.0,18.41,12.51,25.28,27.69,22.03,19.79,25.56,16.62,26.62,26.67,27.05,14.41,14.87,21.38,26.54,21.15,16.92,21.26,14.77,25.77,28.18,23.9,23.13,19.95,17.95,30.05,17.9,22.31,22.62,24.33,22.56,31.05,34.23,19.69,27.74,22.51
Glycan structures - biosynthesis 1,17.04,21.53,27.96,47.75,21.17,19.75,19.15,30.0,26.04,30.75,29.49,26.62,10.94,33.58,36.15,36.64,31.94,36.74,32.79,15.02,30.75,21.11,44.4,31.92,21.89,14.98,29.92,32.91,25.94,23.53,29.92,19.87,31.28,31.34,32.08,17.02,17.64,25.34,31.6,25.34,20.02,25.17,17.87,29.96,33.34,28.06,27.47,23.79,21.09,35.36,21.34,26.58,26.45,28.83,26.66,37.09,40.04,23.38,32.64,26.77
Tight junction,16.19,20.66,26.44,45.97,20.09,18.91,18.34,28.72,24.75,29.47,27.91,25.53,10.44,31.91,34.81,35.16,30.84,35.38,31.31,14.03,29.22,20.31,42.81,30.94,20.97,14.25,28.66,31.5,24.78,21.88,28.88,18.91,30.06,29.97,30.38,16.25,17.0,24.12,30.28,24.12,19.12,24.41,17.06,28.88,32.03,26.94,25.97,22.69,20.31,34.0,20.28,25.34,25.44,27.38,25.25,35.19,38.81,22.41,31.34,25.66
Neuroactive ligand-receptor interaction,0.98,1.32,1.66,2.85,1.14,1.1,1.07,1.83,1.41,1.79,1.85,1.46,0.57,1.93,2.07,2.05,1.79,2.1,1.87,0.87,1.66,1.14,2.48,1.85,1.23,0.79,1.83,1.8,1.47,1.25,1.81,1.13,1.85,1.83,1.77,0.97,0.93,1.44,1.86,1.46,1.15,1.46,0.94,1.69,1.98,1.6,1.62,1.38,1.29,2.03,1.17,1.52,1.59,1.66,1.49,2.09,2.3,1.26,1.85,1.46
Biosynthesis of siderophore group nonribosomal peptides,2.13,3.13,4.27,6.8,2.8,2.8,2.13,4.27,3.13,4.13,4.73,3.8,1.13,5.2,4.4,5.0,4.07,4.87,4.13,2.2,3.6,2.8,5.67,4.2,3.4,1.73,4.47,4.13,3.6,3.0,4.6,2.53,3.4,4.4,4.2,1.87,2.13,4.13,4.33,3.07,2.2,3.53,1.8,3.47,5.2,3.27,3.47,4.2,2.53,5.0,2.4,4.07,3.67,3.93,3.4,5.33,4.87,2.47,4.73,3.73
"Valine, leucine and isoleucine biosynthesis",59.5,75.0,96.7,164.9,73.7,68.5,66.7,104.8,90.1,106.5,100.6,92.8,38.9,116.5,126.5,127.0,112.2,128.2,114.5,51.9,107.8,74.4,154.2,111.9,75.6,52.4,104.4,116.8,92.2,80.3,103.9,69.8,109.6,109.7,112.0,59.4,61.5,88.1,110.1,88.0,69.1,89.6,62.8,105.9,116.5,98.3,96.1,82.5,73.9,122.4,73.9,92.9,91.6,101.1,92.7,127.8,140.4,81.8,112.6,92.5
Zeatin biosynthesis,12.5,16.0,20.5,35.0,15.5,14.5,14.0,22.0,19.0,22.5,21.5,19.5,8.0,24.5,26.5,27.0,23.5,27.0,24.0,11.0,22.5,15.5,32.5,23.5,16.0,11.0,22.0,24.0,19.0,17.0,22.0,14.5,23.0,23.0,23.5,12.5,13.0,18.5,23.0,18.5,14.5,18.5,13.0,22.0,24.5,20.5,20.0,17.5,15.5,26.0,15.5,19.5,19.5,21.0,19.5,27.0,29.5,17.0,24.0,19.5
Circadian rhythm,6.6,8.8,13.2,21.4,9.2,9.0,8.6,13.0,12.2,13.8,13.8,11.6,5.2,15.8,16.4,15.6,13.4,15.4,14.4,6.6,13.4,8.6,19.8,15.0,9.6,6.6,13.6,14.4,11.0,11.2,13.2,9.4,13.0,13.8,13.8,7.6,7.8,11.8,14.6,11.4,9.4,11.6,8.2,12.8,14.4,12.2,12.4,10.2,9.0,15.6,9.6,11.6,11.6,12.8,11.8,16.6,17.4,11.6,14.4,12.6
D-Arginine and D-ornithine metabolism,15.0,16.0,15.0,32.0,12.0,13.0,13.0,17.0,19.0,19.0,16.0,18.0,8.0,21.0,26.0,22.0,21.0,21.0,20.0,9.0,19.0,19.0,32.0,24.0,16.0,9.0,18.0,26.0,22.0,13.0,18.0,12.0,24.0,19.0,22.0,12.0,12.0,18.0,21.0,15.0,15.0,19.0,12.0,26.0,20.0,20.0,16.0,16.0,14.0,25.0,15.0,18.0,17.0,19.0,15.0,22.0,32.0,17.0,20.0,19.0
Arachidonic acid metabolism,13.64,17.07,21.71,38.07,16.79,15.36,15.07,23.79,20.5,24.43,23.14,20.64,8.36,26.29,29.0,29.43,25.21,29.36,25.93,11.71,24.21,16.79,35.57,25.14,17.57,11.86,23.64,26.14,20.71,18.57,24.21,15.43,25.43,24.79,25.0,13.93,13.57,19.86,25.0,20.0,15.93,19.64,13.71,23.86,26.21,22.29,21.14,18.64,16.86,27.93,17.29,20.93,21.0,22.71,21.29,29.71,32.14,18.29,25.57,21.29
Ether lipid metabolism,54.5,70.0,87.17,148.83,66.5,64.33,62.0,97.67,81.83,98.5,91.0,84.5,34.0,106.5,112.17,116.67,103.17,117.83,103.83,48.17,95.67,65.0,141.17,98.67,67.5,49.0,94.0,101.0,77.83,72.83,95.83,62.33,101.5,97.5,102.33,52.33,56.5,80.0,99.5,82.17,62.33,79.0,56.67,92.17,107.67,87.0,87.0,76.33,67.17,112.83,63.67,84.5,85.17,91.17,83.83,117.33,127.5,74.83,102.33,84.83
Sphingolipid metabolism,33.19,42.44,54.0,92.75,41.12,39.31,38.06,58.81,50.81,59.75,56.62,52.19,21.5,65.94,70.38,71.75,63.12,72.12,64.38,28.62,58.69,40.94,88.12,63.19,42.25,29.56,58.12,64.44,50.5,44.31,58.44,38.62,61.31,60.38,61.69,32.62,35.31,48.31,62.25,49.31,39.75,49.19,34.94,58.81,65.81,54.5,53.12,47.31,41.12,69.56,42.38,52.62,51.94,55.5,51.75,71.25,78.5,45.62,63.81,51.94
Ubiquinone biosynthesis,10.53,13.63,17.32,29.47,13.05,12.63,12.11,18.89,16.63,19.0,18.53,16.68,7.37,21.42,22.53,22.79,20.37,23.0,20.58,9.21,19.47,13.47,27.53,20.26,13.79,9.58,18.95,20.74,16.53,14.58,18.63,12.58,19.68,20.16,20.53,11.0,11.53,15.53,19.68,15.58,12.32,16.21,11.53,19.0,21.26,17.68,17.58,14.89,12.95,21.95,13.11,16.84,17.0,18.47,17.11,23.05,25.05,15.05,19.95,16.58
Jak-STAT signaling pathway,1.86,2.53,3.0,5.32,2.32,2.14,2.17,3.29,2.81,3.46,3.27,2.85,1.24,3.71,4.05,4.05,3.56,4.19,3.56,1.54,3.32,2.46,4.97,3.66,2.54,1.63,3.25,3.75,2.9,2.42,3.27,2.19,3.44,3.47,3.37,1.88,1.95,2.88,3.47,2.78,2.27,2.88,1.93,3.42,3.61,3.08,2.88,2.68,2.34,3.97,2.32,2.93,3.05,3.15,2.88,3.95,4.56,2.73,3.47,2.95
Glycerophospholipid metabolism,24.5,31.43,39.23,67.07,30.07,28.43,27.67,43.13,36.77,43.77,41.57,37.87,15.4,47.63,50.7,52.5,45.9,52.83,46.37,21.33,43.57,29.73,63.4,44.93,30.57,21.73,42.23,46.13,35.97,32.9,42.73,28.07,45.27,44.33,45.67,23.93,25.33,36.07,44.77,36.43,28.0,35.9,25.47,42.27,48.1,39.3,38.93,34.23,30.37,50.67,29.43,38.03,38.07,40.93,37.87,52.8,57.47,33.63,46.1,38.0
gamma-Hexachlorocyclohexane degradation,27.55,35.64,44.55,77.09,33.36,32.27,30.0,46.55,40.64,49.0,46.0,41.09,16.55,53.27,57.82,58.91,50.91,58.82,51.73,24.0,48.73,34.18,70.55,50.64,34.36,23.18,47.73,51.91,40.91,35.82,48.0,30.82,50.73,50.0,49.73,26.64,28.0,40.91,50.91,40.27,31.45,41.0,27.55,47.64,53.36,44.09,42.73,38.18,34.36,56.36,32.36,42.55,42.82,44.91,41.91,58.55,65.91,36.45,52.36,42.91
MAPK signaling pathway,6.09,7.86,10.02,17.12,7.53,7.09,6.82,10.77,9.34,11.05,10.32,9.56,3.95,12.0,12.85,13.17,11.5,13.22,11.78,5.31,10.94,7.6,15.76,11.55,7.81,5.39,10.64,11.7,9.26,8.5,10.64,7.12,11.36,11.22,11.69,6.12,6.4,9.0,11.2,9.02,6.98,9.08,6.43,10.66,11.99,10.05,9.86,8.5,7.57,12.7,7.6,9.52,9.61,10.19,9.47,13.18,14.47,8.38,11.69,9.55
Peptidoglycan biosynthesis,7.91,10.73,12.09,23.36,10.27,8.45,8.82,14.45,11.55,14.91,14.45,11.55,4.64,15.45,17.45,17.45,14.73,17.91,15.36,6.27,13.18,9.82,21.36,15.0,10.91,6.82,14.0,15.0,11.91,10.73,14.64,8.64,14.82,14.73,13.82,8.27,8.18,11.45,15.0,11.64,9.55,11.18,7.36,13.27,16.0,12.73,12.27,11.45,10.55,16.64,9.64,12.09,12.73,13.36,11.82,16.55,18.73,10.55,14.91,12.27
PPAR signaling pathway,14.38,17.97,22.86,39.34,17.34,16.38,15.55,24.93,21.31,25.24,24.14,21.66,8.93,28.0,29.38,30.45,26.17,30.41,27.41,12.41,25.59,17.48,36.52,26.45,18.17,12.38,25.07,27.03,21.0,19.1,24.34,16.1,25.72,25.79,26.83,14.14,14.41,21.21,26.17,20.9,16.03,20.86,14.79,24.48,27.55,23.07,23.0,19.9,17.31,28.83,17.55,21.83,21.86,23.69,21.97,30.38,33.21,19.17,26.79,22.03
Pyruvate metabolism,28.74,36.82,47.12,80.71,35.76,33.5,32.0,51.09,43.88,51.82,49.5,44.94,18.41,56.59,61.5,62.35,54.26,62.68,55.65,25.38,51.82,36.09,75.24,54.68,36.97,24.91,50.88,55.29,44.15,39.09,50.06,33.82,52.97,52.82,54.12,29.03,30.09,42.44,52.76,42.71,33.59,43.03,30.0,51.0,56.41,47.53,46.5,39.62,35.71,60.12,36.15,44.82,44.71,48.5,44.74,62.32,68.35,38.88,55.53,44.91
Systemic lupus erythematosus,13.35,16.87,21.13,36.48,16.3,14.91,14.48,23.17,19.7,23.65,22.39,20.04,8.09,25.13,27.57,28.48,24.7,28.35,25.04,11.3,23.17,16.04,34.04,24.96,17.09,11.43,23.17,24.83,19.65,17.83,23.26,15.0,24.26,24.13,24.39,13.04,13.52,19.26,24.26,19.3,15.0,19.48,13.26,22.91,25.83,21.22,20.96,18.22,16.52,27.04,16.04,20.17,20.52,22.0,20.3,27.87,31.09,17.48,25.13,20.52
Ubiquitin mediated proteolysis,23.69,30.28,39.0,66.38,29.55,27.59,26.67,41.64,36.26,42.79,40.91,37.19,15.28,46.64,50.66,51.28,44.64,51.43,45.66,20.97,42.98,29.67,61.97,44.6,30.5,20.95,41.93,45.72,36.17,32.36,41.69,27.69,43.69,43.71,44.64,23.86,24.81,35.26,43.66,35.24,27.81,35.17,24.79,42.0,46.43,39.16,37.93,33.1,29.48,49.4,29.5,36.97,36.91,39.98,37.09,51.34,56.21,32.43,45.71,37.14
Insulin signaling pathway,18.79,24.0,30.95,52.66,23.37,21.95,21.18,33.16,28.58,34.03,32.37,29.45,12.18,37.0,40.03,40.66,35.5,40.66,36.11,16.53,33.84,23.58,49.08,35.42,24.18,16.68,33.08,36.45,28.84,25.74,33.16,21.97,34.71,34.55,35.47,18.82,19.63,28.0,34.74,28.0,22.0,28.03,19.71,33.26,36.87,31.05,30.13,26.39,23.45,39.13,23.5,29.42,29.42,31.71,29.39,40.68,44.5,25.74,36.13,29.53
Atrazine degradation,8.33,10.67,13.67,23.33,10.33,9.67,9.33,14.67,12.67,15.0,14.33,13.0,5.33,16.33,17.67,18.0,15.67,18.0,16.0,7.33,15.0,10.33,21.67,15.67,10.67,7.33,14.67,16.0,12.67,11.33,14.67,9.67,15.33,15.33,15.67,8.33,8.67,12.33,15.33,12.33,9.67,12.33,8.67,14.67,16.33,13.67,13.33,11.67,10.33,17.33,10.33,13.0,13.0,14.0,13.0,18.0,19.67,11.33,16.0,13.0
DNA replication,29.68,38.56,48.96,83.92,37.32,35.04,33.92,53.48,45.64,53.76,51.64,47.04,19.8,58.92,63.84,65.12,56.2,64.64,57.88,26.8,54.52,37.6,78.04,56.76,38.36,26.84,53.16,57.72,46.16,40.72,52.56,35.24,54.68,55.2,56.64,30.36,31.56,44.84,54.96,44.2,34.96,44.92,31.44,53.04,59.04,49.36,48.56,42.4,37.24,62.6,37.2,46.84,47.0,50.6,46.92,65.28,70.84,41.12,57.4,47.0
Axon guidance,8.93,11.42,14.6,24.75,11.35,10.62,10.12,15.72,13.75,16.2,15.52,14.1,5.82,17.6,19.02,19.55,16.92,19.55,17.27,7.98,16.12,11.35,23.2,16.98,11.6,7.98,15.68,17.05,13.48,12.45,15.75,10.48,16.52,16.6,16.88,9.1,9.48,13.3,16.32,13.28,10.35,13.08,9.22,15.88,17.58,14.78,14.45,12.62,11.08,18.62,11.2,13.92,14.0,15.2,14.1,19.45,21.42,12.2,17.45,14.12
Hedgehog signaling pathway,9.44,12.11,16.22,27.22,12.06,11.22,10.83,17.28,14.72,17.44,16.94,15.17,6.17,19.11,20.78,20.61,18.0,20.67,18.5,8.44,17.39,11.78,25.11,18.56,12.33,8.39,17.22,18.56,14.78,13.33,16.89,11.44,17.5,17.78,17.83,9.72,9.94,14.61,18.0,14.33,11.56,14.39,10.0,16.94,19.11,16.0,15.61,13.39,11.94,20.22,12.61,15.22,14.94,16.44,15.11,20.83,22.61,13.44,18.61,15.33
Cyanoamino acid metabolism,126.0,161.14,212.0,356.86,161.57,147.71,143.14,223.0,197.86,232.71,226.0,200.29,83.14,249.0,275.86,272.71,235.0,279.29,244.57,116.86,234.14,159.43,331.71,237.71,161.86,112.29,227.0,246.43,196.57,177.0,218.14,151.43,229.0,236.57,241.29,127.57,134.86,191.14,230.71,188.0,149.29,189.14,136.57,226.57,252.29,210.86,204.43,173.14,155.43,262.86,159.43,199.57,198.29,214.29,201.14,279.43,302.29,170.71,245.14,201.86
Melanogenesis,11.18,14.29,18.68,31.74,14.18,13.35,12.91,19.85,17.12,20.68,19.62,17.85,7.38,22.03,24.35,24.76,21.47,24.35,21.68,9.97,20.15,14.24,29.79,21.26,14.47,10.06,20.03,21.79,17.26,15.91,19.94,13.41,20.97,20.85,21.76,11.35,12.0,16.68,20.88,16.88,13.29,16.85,11.65,20.0,22.29,18.41,17.88,15.76,14.03,23.62,13.79,17.68,17.91,19.03,17.56,24.85,26.85,15.5,21.82,17.76
Flagellar assembly,0.93,1.04,1.33,2.59,1.07,0.59,0.81,1.52,1.07,1.67,1.22,1.22,0.41,1.37,1.85,1.81,1.56,1.85,1.48,0.59,1.26,1.0,2.41,1.67,1.07,0.67,1.44,1.63,1.41,1.04,1.74,1.04,1.63,1.41,1.52,0.7,0.7,0.89,1.7,1.33,0.85,1.3,0.81,1.56,1.56,1.48,1.26,1.07,1.19,1.56,1.0,1.22,1.33,1.33,1.11,1.7,2.04,0.96,1.44,1.19
Amyotrophic lateral sclerosis (ALS),17.05,21.82,27.95,47.73,21.14,19.77,19.09,30.0,25.91,30.68,29.32,26.59,10.91,33.41,36.14,36.82,32.05,36.82,32.73,15.0,30.68,21.14,44.32,32.05,21.82,15.0,30.0,32.73,25.91,23.18,30.0,19.77,31.36,31.36,32.05,17.05,17.73,25.23,31.36,25.23,19.77,25.23,17.73,30.0,33.41,27.95,27.27,23.86,21.14,35.45,21.14,26.59,26.59,28.64,26.59,36.82,40.23,23.18,32.73,26.59
Base excision repair,20.35,26.35,33.24,57.0,24.76,23.47,22.59,35.88,30.65,36.53,34.59,31.35,12.82,39.59,42.76,43.88,38.29,43.65,39.06,17.59,36.35,25.0,52.65,38.65,25.76,17.53,35.88,39.12,31.29,27.41,35.71,23.18,37.71,37.24,38.53,20.47,20.88,29.88,37.53,29.94,23.29,30.29,21.06,35.82,40.06,33.18,32.71,28.59,25.24,42.59,25.29,31.88,31.59,34.0,31.59,43.65,47.94,27.53,38.94,31.41
Pyrimidine metabolism,16.86,21.59,27.54,47.0,20.62,19.27,18.81,29.86,25.46,29.84,29.41,26.32,10.86,32.78,35.84,36.03,31.43,36.11,31.95,14.62,29.97,20.92,44.43,32.22,21.27,14.62,29.62,32.43,25.97,22.32,29.73,19.62,30.95,31.11,31.11,16.59,17.32,24.76,31.41,24.84,19.89,25.24,17.35,29.65,32.95,27.32,26.76,23.24,21.03,34.84,20.92,26.3,26.38,27.86,25.76,36.22,39.43,23.14,31.86,25.95
High-mannose type N-glycan biosynthesis,56.83,71.5,92.0,158.17,70.5,65.83,63.33,99.17,85.83,102.17,97.33,88.17,35.83,110.5,120.17,122.17,106.17,122.33,108.67,49.83,101.0,70.0,146.5,105.0,72.83,49.67,99.0,108.83,85.5,77.83,99.5,65.33,104.0,103.5,106.33,55.83,58.67,83.5,103.83,83.5,65.83,82.5,58.5,99.5,110.5,92.5,90.5,79.0,69.5,117.67,70.17,87.83,87.5,95.17,88.17,122.0,132.5,76.67,108.83,88.17
Nitrogen metabolism,11.2,14.59,17.89,32.09,14.19,13.33,12.91,20.19,17.72,20.28,19.54,17.57,7.31,22.24,24.07,24.54,21.11,24.56,22.28,9.72,20.09,13.46,29.28,21.31,14.57,10.13,19.76,21.59,16.89,15.59,19.94,12.8,20.57,20.85,21.54,11.15,12.15,16.74,21.11,16.31,13.2,16.54,11.81,19.69,21.96,18.17,18.37,16.13,13.8,23.33,13.78,17.65,17.87,18.91,17.48,24.56,26.48,15.69,21.93,17.76
Methane metabolism,18.48,23.32,29.96,51.16,22.6,21.36,20.6,32.32,27.8,32.92,31.12,28.8,11.52,35.92,38.64,39.32,34.72,39.6,35.24,16.0,33.28,22.76,47.6,34.44,23.12,16.16,32.32,35.16,27.68,24.8,32.36,21.32,34.0,33.52,34.56,18.24,18.96,26.96,33.84,27.0,21.28,27.12,19.12,32.44,36.08,30.32,29.52,25.4,22.64,37.92,22.8,28.72,28.6,30.88,28.68,39.32,43.4,24.52,35.4,28.6
Drug metabolism - other enzymes,18.45,23.45,29.91,51.09,22.27,20.64,20.18,32.18,26.82,32.18,33.27,28.36,11.64,35.18,39.0,39.09,33.82,38.91,34.09,15.64,31.91,23.09,47.73,35.45,23.0,15.45,32.55,34.82,28.36,24.09,32.45,21.27,33.91,34.09,33.55,18.36,18.27,27.36,33.82,26.55,22.0,28.0,18.55,32.55,36.73,29.91,28.73,25.09,23.55,38.0,23.18,28.09,29.18,30.55,27.55,39.0,43.82,24.18,35.18,28.36
Aminosugars metabolism,59.26,77.84,98.58,169.74,74.79,70.32,67.89,105.79,91.0,110.32,103.68,94.58,39.32,116.63,127.58,130.58,114.68,130.21,116.0,53.21,106.37,75.21,157.0,112.42,75.89,53.26,105.37,117.16,92.11,81.58,106.37,69.32,111.05,110.26,111.63,59.74,62.68,88.21,110.37,89.74,70.37,88.58,63.11,106.79,117.32,99.11,96.32,84.21,74.53,126.21,74.26,93.42,94.79,102.26,93.95,129.42,141.89,82.47,115.84,94.0
Non-homologous end-joining,25.1,32.0,41.2,69.7,30.0,28.5,27.4,44.2,37.7,44.5,42.8,38.6,15.8,48.5,52.6,53.2,46.8,53.9,47.7,22.0,45.3,30.4,64.4,47.2,31.6,21.4,44.0,47.7,37.9,33.2,43.9,28.9,46.3,45.8,46.6,24.8,25.4,36.8,46.2,36.8,28.6,36.9,25.8,43.7,49.1,40.5,40.7,34.9,31.2,50.8,30.7,38.8,39.1,42.0,38.9,53.6,58.2,33.8,47.3,38.1
Cysteine metabolism,27.0,34.27,44.91,75.45,34.27,31.64,30.64,47.45,41.09,49.0,46.0,41.82,17.18,52.91,58.0,59.0,51.09,59.18,52.18,24.18,49.27,33.91,70.45,51.64,35.27,24.09,48.45,51.55,41.18,36.82,48.09,31.82,50.36,50.18,50.82,27.64,27.91,40.64,49.91,40.36,31.64,40.18,27.82,47.82,53.45,44.82,43.64,38.18,34.18,56.45,34.18,42.64,41.91,45.73,42.91,58.64,65.18,36.27,52.73,42.55
Tyrosine metabolism,29.44,37.7,47.74,83.0,36.67,34.3,32.93,51.59,44.96,52.7,50.33,46.41,18.78,57.0,62.3,63.81,56.0,64.3,56.78,25.37,51.93,36.44,77.11,55.85,37.56,26.22,51.85,56.22,44.89,40.67,51.85,34.0,54.85,54.07,55.96,29.3,30.74,42.33,54.19,43.59,33.81,43.52,30.85,51.78,58.15,47.67,47.04,41.3,36.7,61.04,35.81,45.33,46.07,49.19,45.52,63.04,69.19,40.04,56.85,45.74
Pantothenate and CoA biosynthesis,43.33,54.58,69.42,118.83,53.58,49.92,48.08,75.17,66.5,77.67,72.17,66.83,27.92,84.5,91.5,92.67,82.25,93.83,83.25,37.58,77.83,54.67,111.75,80.83,55.5,37.75,75.42,84.0,66.42,59.17,75.0,50.5,80.17,79.58,81.75,43.0,44.92,63.08,79.67,63.67,49.92,64.17,45.75,76.5,84.33,71.58,69.42,60.0,53.33,88.92,53.75,67.33,66.83,73.58,67.67,93.0,102.5,59.25,82.42,67.25
Inositol metabolism,18.33,23.0,30.0,52.0,22.5,22.0,20.83,34.0,27.33,33.0,32.67,29.67,12.17,36.5,39.67,39.67,34.67,39.33,36.5,16.5,33.0,22.5,48.17,34.67,23.33,16.5,33.33,36.17,28.67,26.17,31.33,21.33,34.33,33.5,34.83,18.83,18.67,27.83,34.0,27.17,22.17,27.17,18.83,32.5,36.67,29.83,29.33,25.67,23.5,38.5,24.17,29.5,28.5,31.83,29.5,40.5,44.17,25.17,36.33,28.67
Nicotinate and nicotinamide metabolism,16.93,21.47,27.4,45.8,21.07,19.33,18.53,29.8,25.4,30.0,28.47,26.0,10.6,32.47,35.73,36.33,31.33,36.13,32.13,14.87,30.53,20.8,43.87,31.67,21.47,14.73,29.53,32.13,25.87,22.53,28.87,19.53,30.73,31.0,31.4,16.73,17.53,24.8,30.8,24.67,19.27,24.87,17.4,29.53,32.87,27.2,27.07,23.6,20.33,34.47,20.93,26.27,25.87,27.93,26.13,36.6,39.6,22.93,31.4,26.0
Arginine and proline metabolism,17.26,22.33,28.96,48.0,22.44,20.59,19.67,30.52,26.93,31.37,30.78,27.56,11.22,34.52,37.11,37.52,32.22,37.93,32.26,15.44,31.26,21.78,45.89,32.41,22.78,15.59,31.11,33.19,26.33,24.04,30.59,21.11,31.96,32.67,32.48,17.81,18.26,26.37,32.41,25.85,20.89,25.85,18.59,31.22,34.41,28.96,27.85,24.56,21.48,35.74,21.67,27.37,27.04,29.26,27.44,37.89,41.63,23.93,33.81,27.7
Biosynthesis of ansamycins,25.0,32.0,41.0,70.0,31.0,29.0,28.0,44.0,38.0,45.0,43.0,39.0,16.0,49.0,53.0,54.0,47.0,54.0,48.0,22.0,45.0,31.0,65.0,47.0,32.0,22.0,44.0,48.0,38.0,34.0,44.0,29.0,46.0,46.0,47.0,25.0,26.0,37.0,46.0,37.0,29.0,37.0,26.0,44.0,49.0,41.0,40.0,35.0,31.0,52.0,31.0,39.0,39.0,42.0,39.0,54.0,59.0,34.0,48.0,39.0
Glycolysis / Gluconeogenesis,37.0,47.54,61.43,104.5,46.11,42.79,41.07,65.61,56.14,67.07,64.21,57.54,23.64,72.57,79.71,79.79,69.79,80.54,71.68,32.71,67.18,46.0,96.0,70.21,47.75,32.18,65.43,71.64,56.89,50.29,64.64,43.46,67.96,68.32,69.71,37.46,38.39,55.54,67.96,54.79,43.46,55.07,38.61,65.29,72.5,60.82,59.64,51.46,45.93,77.61,47.21,57.82,57.43,62.68,58.0,80.29,87.43,50.46,70.64,57.82
Methionine metabolism,32.42,41.68,52.53,90.26,40.37,37.79,36.84,57.16,49.47,58.21,56.37,50.84,20.84,63.37,68.21,70.11,60.84,70.16,61.53,28.16,57.95,40.16,85.37,61.05,41.89,29.16,57.11,61.84,48.74,44.37,57.53,37.68,59.53,59.95,60.37,32.47,34.37,48.32,59.79,48.37,37.74,48.16,33.89,57.05,63.79,52.84,51.68,45.79,40.63,67.58,39.79,50.79,50.89,54.21,50.0,69.68,76.53,44.74,62.79,50.84
Styrene degradation,61.9,79.9,103.7,172.8,78.0,73.7,71.0,110.1,98.5,112.5,109.5,97.7,41.4,122.9,132.7,134.2,116.9,138.9,118.6,55.5,115.1,76.5,163.0,117.2,78.0,56.1,108.5,120.1,96.2,85.8,106.7,73.6,112.4,115.7,119.9,62.0,68.8,91.7,112.3,91.6,73.0,93.1,69.7,111.2,123.9,103.3,100.9,86.8,74.9,130.1,78.9,97.2,97.3,104.6,97.1,134.6,147.3,85.0,121.0,99.5
Alzheimer's disease,7.93,10.14,13.14,22.0,9.93,9.86,9.5,14.0,12.64,14.07,13.5,12.5,5.71,16.36,16.29,16.93,15.43,17.07,14.93,7.0,14.14,9.64,21.36,15.0,9.5,7.5,14.29,15.64,12.21,10.14,14.07,9.57,14.86,15.0,14.64,7.71,8.5,11.36,14.79,11.86,10.0,12.71,9.43,14.0,15.5,12.86,13.07,11.21,9.64,16.86,9.79,12.86,12.64,13.36,12.5,16.64,18.57,11.71,15.43,12.57
Prion disease,10.71,13.71,17.57,30.0,13.29,12.43,12.0,18.86,16.29,19.29,18.43,16.71,6.86,21.0,22.71,23.14,20.14,23.14,20.57,9.43,19.29,13.29,27.86,20.14,13.71,9.43,18.86,20.57,16.29,14.57,18.86,12.43,19.71,19.71,20.14,10.71,11.14,15.86,19.71,15.86,12.43,15.86,11.14,18.86,21.0,17.57,17.14,15.0,13.29,22.29,13.29,16.71,16.71,18.0,16.71,23.14,25.29,14.57,20.57,16.71
Biosynthesis of vancomycin group antibiotics,25.0,32.0,41.0,70.0,31.0,29.0,28.0,44.0,38.0,45.0,43.0,39.0,16.0,49.0,53.0,54.0,47.0,54.0,48.0,22.0,45.0,31.0,65.0,47.0,32.0,22.0,44.0,48.0,38.0,34.0,44.0,29.0,46.0,46.0,47.0,25.0,26.0,37.0,46.0,37.0,29.0,37.0,26.0,44.0,49.0,41.0,40.0,35.0,31.0,52.0,31.0,39.0,39.0,42.0,39.0,54.0,59.0,34.0,48.0,39.0
TGF-beta signaling pathway,9.08,11.62,15.12,25.58,11.54,10.75,10.29,16.04,14.0,16.71,15.79,14.42,6.0,17.79,19.71,20.08,17.38,19.92,17.79,8.25,16.54,11.67,23.79,17.33,11.88,8.29,16.25,17.83,14.12,12.54,16.17,10.88,16.92,16.88,17.38,9.33,9.54,13.5,16.75,13.79,10.46,13.67,9.5,16.08,18.04,14.88,14.67,12.88,11.42,19.25,11.38,14.25,14.29,15.46,14.29,19.88,21.83,12.46,17.42,14.46
SNARE interactions in vesicular transport,23.25,29.62,38.12,64.81,29.06,27.19,25.94,40.94,35.56,42.12,40.12,36.44,14.81,45.88,50.0,50.25,43.81,50.69,44.88,20.56,42.06,29.38,60.56,43.56,30.0,20.31,41.31,44.94,35.56,31.81,40.44,27.31,43.0,42.81,43.88,23.38,24.31,34.62,42.88,34.62,27.19,34.31,24.31,41.19,45.5,38.62,37.25,32.38,28.81,48.25,29.12,36.12,36.06,39.38,36.38,50.44,55.31,31.62,44.81,36.31
Notch signaling pathway,7.71,9.86,12.86,22.36,9.5,9.5,8.79,13.71,11.43,14.29,13.79,12.64,5.14,14.93,17.07,17.0,15.07,16.79,15.0,6.86,13.21,9.71,20.5,14.71,9.5,6.71,13.79,14.86,11.93,11.07,13.29,9.29,14.93,14.0,15.64,7.64,8.21,11.07,14.36,11.71,9.14,11.79,7.71,13.64,15.71,12.29,12.0,10.57,9.86,16.36,9.0,12.14,12.93,12.93,11.86,17.0,18.36,10.64,14.71,11.86
"Phenylalanine, tyrosine and tryptophan biosynthesis",20.33,26.0,33.12,56.71,25.17,23.88,22.88,35.54,31.46,36.92,34.79,31.71,13.29,40.12,43.42,44.25,38.75,44.17,39.46,17.92,36.58,25.58,53.29,38.42,26.25,17.96,35.75,39.38,31.12,27.92,35.96,23.79,38.08,37.54,38.5,20.54,21.33,29.83,37.58,30.42,23.88,30.21,21.38,36.08,39.54,33.58,32.75,28.54,25.21,42.21,25.5,31.71,31.71,34.62,32.04,44.04,48.38,28.12,38.92,31.83
Glycan structures - degradation,30.55,37.36,50.64,83.55,38.27,35.18,33.91,51.55,47.36,54.55,52.73,48.36,21.0,61.0,65.64,64.27,56.45,65.36,58.55,28.55,56.91,38.27,80.64,56.73,38.82,27.18,53.36,59.0,46.0,41.36,53.0,36.73,55.27,56.18,59.91,31.18,32.09,46.09,55.64,44.64,36.73,45.64,33.18,53.09,57.27,50.82,48.45,42.09,36.55,62.64,38.82,48.09,46.91,52.27,49.27,67.55,73.82,42.64,56.64,49.64
Alanine and aspartate metabolism,32.7,41.7,54.17,91.7,41.17,38.3,36.43,57.22,50.17,59.09,56.57,50.91,20.83,64.43,69.22,71.0,61.22,70.65,62.78,28.83,60.09,40.65,85.52,61.48,41.7,28.96,57.61,63.04,49.87,45.3,57.3,38.13,60.43,60.43,62.0,33.43,33.96,49.7,60.04,48.48,38.04,48.48,34.13,57.96,64.48,53.52,52.7,45.78,40.43,67.48,41.04,51.17,50.91,54.96,51.87,71.35,77.61,44.78,62.87,50.91
Calcium signaling pathway,4.82,6.32,8.08,13.78,6.02,5.57,5.48,8.58,7.23,8.88,8.38,7.49,3.06,9.43,10.32,10.57,9.14,10.46,9.34,4.29,8.71,6.09,12.57,9.2,6.22,4.31,8.58,9.29,7.42,6.51,8.63,5.6,9.0,8.91,8.98,4.89,4.92,7.22,9.03,7.25,5.66,7.18,4.98,8.65,9.58,8.02,7.86,6.85,6.12,10.26,6.05,7.54,7.62,8.11,7.58,10.45,11.49,6.57,9.29,7.49
Pentose phosphate pathway,31.33,40.24,51.62,87.52,39.43,36.05,34.76,55.19,47.86,56.9,54.52,48.95,19.81,61.05,66.48,67.62,59.29,68.05,60.05,27.71,55.76,39.24,81.62,58.57,39.52,27.52,54.62,59.76,47.9,42.62,54.76,36.43,57.24,57.29,58.52,31.29,32.24,46.24,57.57,46.43,36.76,45.71,32.62,54.43,61.71,51.43,50.14,43.0,38.76,65.33,39.67,48.48,48.19,52.29,48.67,67.71,73.43,42.0,59.95,49.14
Taste transduction,7.17,9.58,11.75,20.83,9.08,8.17,8.33,13.25,11.25,13.17,13.42,11.58,4.75,14.5,15.67,15.67,13.83,16.25,13.67,6.17,13.33,9.0,19.25,13.75,9.5,6.25,12.92,14.33,11.25,9.67,13.0,8.58,13.25,13.58,13.25,7.25,7.83,11.08,13.67,10.92,9.0,10.92,7.92,13.08,14.58,12.33,11.42,10.58,9.5,15.42,9.25,11.25,11.58,12.42,11.33,16.0,17.08,10.25,14.08,11.33
Citrate cycle (TCA cycle),27.4,35.56,44.64,76.28,34.04,32.0,31.0,47.84,41.68,49.4,46.64,42.44,17.68,53.64,57.88,59.64,51.76,59.64,52.84,23.88,49.36,34.36,71.8,51.8,34.88,24.32,48.24,53.0,41.68,37.12,47.96,32.0,51.0,50.6,51.56,27.76,28.64,40.52,50.44,40.52,31.76,41.24,29.04,48.36,53.88,45.04,44.0,38.4,34.12,57.16,34.08,42.8,43.04,46.0,42.88,59.16,65.44,37.64,52.88,42.72
Selenoamino acid metabolism,43.18,55.09,70.64,120.73,53.45,49.55,48.18,75.55,65.36,78.09,73.73,66.73,27.55,84.09,91.91,93.27,81.09,93.36,82.45,37.64,77.55,53.82,112.45,80.91,55.45,37.64,75.09,83.09,66.0,58.73,76.0,49.73,79.36,79.55,81.27,43.18,44.64,64.09,79.45,63.64,50.0,63.91,44.82,76.27,84.09,71.0,68.55,60.36,53.36,89.64,53.36,67.27,67.64,72.27,67.0,93.64,102.09,58.82,82.36,67.09
Parkinson's disease,25.49,32.76,41.36,70.78,31.4,29.33,28.53,44.31,38.58,45.73,43.27,39.15,16.2,49.73,53.6,54.96,48.05,55.09,48.62,22.11,45.67,31.65,65.93,47.96,32.38,22.36,44.55,48.58,38.31,34.36,44.76,29.2,46.93,46.78,47.49,25.47,26.42,37.58,46.91,37.55,29.22,37.69,26.45,44.76,49.87,41.65,40.6,35.71,31.75,52.84,31.38,39.62,39.95,42.51,39.64,54.56,60.25,34.53,48.87,39.45
RNA polymerase,22.97,29.2,37.47,64.03,28.43,26.17,25.5,39.97,34.67,41.13,39.2,35.83,14.43,44.57,48.63,49.33,42.73,49.57,43.63,20.17,40.83,28.17,59.27,42.7,29.2,19.93,39.9,43.87,34.83,31.23,40.37,26.63,41.9,41.73,42.73,22.5,23.8,33.53,42.3,34.17,26.3,33.67,23.67,40.13,44.77,37.5,36.37,31.67,28.5,47.53,28.3,35.77,35.4,38.23,35.47,49.63,53.23,30.77,43.8,35.77
